{"cameraMode":{"drawMode":0,"name":"Shaded","section":"Shading Mode"},"sceneLighting":false,"audioPlay":false,"sceneViewState":{"showFog":true,"showMaterialUpdate":false,"showSkybox":true,"showFlares":true,"showImageEffects":true,"showParticleSystems":true},"in2DMode":false,"pivot":{"x":0.0,"y":-0.3500000238418579,"z":1.3830000162124634},"rotation":{"x":0.19176527857780457,"y":0.7960448265075684,"z":-0.3205658197402954,"w":0.47621026635169985},"size":2.8578836917877199,"orthographic":false}