{"cameraMode":{"drawMode":0,"name":"Shaded","section":"Shading Mode"},"sceneLighting":false,"audioPlay":false,"sceneViewState":{"showFog":true,"showMaterialUpdate":false,"showSkybox":true,"showFlares":true,"showImageEffects":true,"showParticleSystems":true},"in2DMode":false,"pivot":{"x":8.0,"y":11.100000381469727,"z":-22.200000762939454},"rotation":{"x":0.19176527857780457,"y":0.7960448265075684,"z":-0.3205658197402954,"w":0.47621026635169985},"size":42.084537506103519,"orthographic":false}