{"cameraMode":{"drawMode":0,"name":"Shaded","section":"Shading Mode"},"sceneLighting":false,"audioPlay":false,"sceneViewState":{"showFog":true,"showMaterialUpdate":false,"showSkybox":true,"showFlares":true,"showImageEffects":true,"showParticleSystems":true},"in2DMode":false,"pivot":{"x":24.829999923706056,"y":10.930000305175782,"z":30.189998626708986},"rotation":{"x":0.19176527857780457,"y":0.7960448265075684,"z":-0.3205658197402954,"w":0.47621026635169985},"size":42.554656982421878,"orthographic":false}